ts,name,cpu_perc,mem_usage
1787071705,agwbench-mock,1119.03%,11.3MiB / 1.106TiB
1787071705,agwbench-mock2,987.91%,11.88MiB / 1.106TiB
1787071705,agwbench-agw-0,574.30%,22.45MiB / 1.106TiB
1787071705,agwbench-agw-1,604.18%,22.55MiB / 1.106TiB
1787071705,agwbench-agw-2,536.90%,22.29MiB / 1.106TiB
1787071705,agwbench-agw-3,566.37%,22.01MiB / 1.106TiB
1787071705,agwbench-agw-4,537.13%,22.17MiB / 1.106TiB
1787071705,agwbench-agw-5,543.57%,21.59MiB / 1.106TiB
1787071705,agwbench-agw-6,553.66%,21.96MiB / 1.106TiB
1787071705,agwbench-agw-7,527.15%,21.78MiB / 1.106TiB
1787071705,agwbench-agw-8,563.50%,22.38MiB / 1.106TiB
1787071705,agwbench-agw-9,458.56%,22.16MiB / 1.106TiB
1787071705,agwbench-agw-10,554.49%,22.77MiB / 1.106TiB
1787071705,agwbench-agw-11,550.01%,21.85MiB / 1.106TiB
1787071705,agwbench-agw-12,569.11%,21.82MiB / 1.106TiB
1787071705,agwbench-agw-13,582.37%,21.13MiB / 1.106TiB
1787071705,agwbench-agw-14,550.47%,23.04MiB / 1.106TiB
1787071705,agwbench-agw-15,569.80%,21.96MiB / 1.106TiB
1787071705,agwbench-agw-16,529.67%,22.88MiB / 1.106TiB
1787071705,agwbench-agw-17,598.86%,22.28MiB / 1.106TiB
1787071705,agwbench-agw-18,549.39%,22.75MiB / 1.106TiB
1787071705,agwbench-agw-19,551.77%,22.17MiB / 1.106TiB
1787071708,agwbench-mock,1041.29%,11.38MiB / 1.106TiB
1787071708,agwbench-mock2,1009.26%,11.92MiB / 1.106TiB
1787071708,agwbench-agw-0,564.63%,24.05MiB / 1.106TiB
1787071708,agwbench-agw-1,600.37%,22.82MiB / 1.106TiB
1787071708,agwbench-agw-2,561.19%,22.65MiB / 1.106TiB
1787071708,agwbench-agw-3,586.27%,22.81MiB / 1.106TiB
1787071708,agwbench-agw-4,561.76%,22.41MiB / 1.106TiB
1787071708,agwbench-agw-5,567.47%,23.05MiB / 1.106TiB
1787071708,agwbench-agw-6,545.34%,23.27MiB / 1.106TiB
1787071708,agwbench-agw-7,531.98%,23.42MiB / 1.106TiB
1787071708,agwbench-agw-8,549.09%,23.51MiB / 1.106TiB
1787071708,agwbench-agw-9,438.06%,22.71MiB / 1.106TiB
1787071708,agwbench-agw-10,566.74%,23.38MiB / 1.106TiB
1787071708,agwbench-agw-11,551.23%,22.11MiB / 1.106TiB
1787071708,agwbench-agw-12,584.39%,22.57MiB / 1.106TiB
1787071708,agwbench-agw-13,583.54%,22.63MiB / 1.106TiB
1787071708,agwbench-agw-14,569.24%,24.33MiB / 1.106TiB
1787071708,agwbench-agw-15,587.42%,22.98MiB / 1.106TiB
1787071708,agwbench-agw-16,506.20%,23.75MiB / 1.106TiB
1787071708,agwbench-agw-17,602.11%,23.69MiB / 1.106TiB
1787071708,agwbench-agw-18,556.13%,23.56MiB / 1.106TiB
1787071708,agwbench-agw-19,566.24%,22.07MiB / 1.106TiB
1787071712,agwbench-mock,1013.38%,11.4MiB / 1.106TiB
1787071712,agwbench-mock2,1009.92%,11.9MiB / 1.106TiB
1787071712,agwbench-agw-0,568.42%,24.68MiB / 1.106TiB
1787071712,agwbench-agw-1,615.22%,23.35MiB / 1.106TiB
1787071712,agwbench-agw-2,554.41%,23.23MiB / 1.106TiB
1787071712,agwbench-agw-3,582.42%,23.64MiB / 1.106TiB
1787071712,agwbench-agw-4,550.11%,22.98MiB / 1.106TiB
1787071712,agwbench-agw-5,557.05%,23.58MiB / 1.106TiB
1787071712,agwbench-agw-6,530.08%,23.19MiB / 1.106TiB
1787071712,agwbench-agw-7,517.92%,23.38MiB / 1.106TiB
1787071712,agwbench-agw-8,559.42%,23.63MiB / 1.106TiB
1787071712,agwbench-agw-9,472.68%,23.7MiB / 1.106TiB
1787071712,agwbench-agw-10,559.33%,23.83MiB / 1.106TiB
1787071712,agwbench-agw-11,550.65%,22.77MiB / 1.106TiB
1787071712,agwbench-agw-12,572.91%,23.33MiB / 1.106TiB
1787071712,agwbench-agw-13,574.80%,23.31MiB / 1.106TiB
1787071712,agwbench-agw-14,548.79%,24.71MiB / 1.106TiB
1787071712,agwbench-agw-15,573.52%,23.19MiB / 1.106TiB
1787071712,agwbench-agw-16,518.39%,23.86MiB / 1.106TiB
1787071712,agwbench-agw-17,602.95%,23.64MiB / 1.106TiB
1787071712,agwbench-agw-18,552.28%,24.62MiB / 1.106TiB
1787071712,agwbench-agw-19,554.72%,23.12MiB / 1.106TiB
1787071715,agwbench-mock,1052.42%,11.44MiB / 1.106TiB
1787071715,agwbench-mock2,998.28%,11.86MiB / 1.106TiB
1787071715,agwbench-agw-0,568.74%,25.48MiB / 1.106TiB
1787071715,agwbench-agw-1,606.74%,23.45MiB / 1.106TiB
1787071715,agwbench-agw-2,558.47%,22.63MiB / 1.106TiB
1787071715,agwbench-agw-3,580.71%,24.08MiB / 1.106TiB
1787071715,agwbench-agw-4,554.27%,22.21MiB / 1.106TiB
1787071715,agwbench-agw-5,554.71%,23.66MiB / 1.106TiB
1787071715,agwbench-agw-6,524.77%,23.67MiB / 1.106TiB
1787071715,agwbench-agw-7,525.84%,22.77MiB / 1.106TiB
1787071715,agwbench-agw-8,555.13%,23.25MiB / 1.106TiB
1787071715,agwbench-agw-9,470.24%,23.04MiB / 1.106TiB
1787071715,agwbench-agw-10,566.96%,23.1MiB / 1.106TiB
1787071715,agwbench-agw-11,555.00%,22.95MiB / 1.106TiB
1787071715,agwbench-agw-12,572.28%,22.68MiB / 1.106TiB
1787071715,agwbench-agw-13,576.92%,23.59MiB / 1.106TiB
1787071715,agwbench-agw-14,559.03%,25.3MiB / 1.106TiB
1787071715,agwbench-agw-15,585.53%,23.53MiB / 1.106TiB
1787071715,agwbench-agw-16,499.30%,23.38MiB / 1.106TiB
1787071715,agwbench-agw-17,603.88%,23.48MiB / 1.106TiB
1787071715,agwbench-agw-18,558.75%,24.24MiB / 1.106TiB
1787071715,agwbench-agw-19,560.86%,22.89MiB / 1.106TiB
1787071718,agwbench-mock,1020.49%,11.36MiB / 1.106TiB
1787071718,agwbench-mock2,995.00%,12.02MiB / 1.106TiB
1787071718,agwbench-agw-0,569.24%,24.99MiB / 1.106TiB
1787071718,agwbench-agw-1,617.60%,23.11MiB / 1.106TiB
1787071718,agwbench-agw-2,557.73%,22.11MiB / 1.106TiB
1787071718,agwbench-agw-3,586.83%,23.78MiB / 1.106TiB
1787071718,agwbench-agw-4,552.02%,22.88MiB / 1.106TiB
1787071718,agwbench-agw-5,556.08%,23.76MiB / 1.106TiB
1787071718,agwbench-agw-6,553.02%,23.89MiB / 1.106TiB
1787071718,agwbench-agw-7,550.76%,23.49MiB / 1.106TiB
1787071718,agwbench-agw-8,553.12%,23.3MiB / 1.106TiB
1787071718,agwbench-agw-9,471.95%,22.93MiB / 1.106TiB
1787071718,agwbench-agw-10,558.45%,23.04MiB / 1.106TiB
1787071718,agwbench-agw-11,549.61%,22.97MiB / 1.106TiB
1787071718,agwbench-agw-12,574.91%,22.91MiB / 1.106TiB
1787071718,agwbench-agw-13,580.65%,23.85MiB / 1.106TiB
1787071718,agwbench-agw-14,552.47%,24.26MiB / 1.106TiB
1787071718,agwbench-agw-15,575.16%,23.55MiB / 1.106TiB
1787071718,agwbench-agw-16,505.68%,22.53MiB / 1.106TiB
1787071718,agwbench-agw-17,595.85%,23.53MiB / 1.106TiB
1787071718,agwbench-agw-18,560.27%,24.43MiB / 1.106TiB
1787071718,agwbench-agw-19,559.63%,22.93MiB / 1.106TiB
1787071722,agwbench-mock,1002.21%,11.38MiB / 1.106TiB
1787071722,agwbench-mock2,995.71%,11.91MiB / 1.106TiB
1787071722,agwbench-agw-0,567.19%,25MiB / 1.106TiB
1787071722,agwbench-agw-1,610.71%,23.12MiB / 1.106TiB
1787071722,agwbench-agw-2,562.69%,22.45MiB / 1.106TiB
1787071722,agwbench-agw-3,572.71%,24.22MiB / 1.106TiB
1787071722,agwbench-agw-4,544.66%,23.18MiB / 1.106TiB
1787071722,agwbench-agw-5,545.86%,23.98MiB / 1.106TiB
1787071722,agwbench-agw-6,525.36%,24.09MiB / 1.106TiB
1787071722,agwbench-agw-7,532.78%,23.77MiB / 1.106TiB
1787071722,agwbench-agw-8,549.59%,23.03MiB / 1.106TiB
1787071722,agwbench-agw-9,481.98%,22.88MiB / 1.106TiB
1787071722,agwbench-agw-10,553.39%,23.45MiB / 1.106TiB
1787071722,agwbench-agw-11,545.50%,22.87MiB / 1.106TiB
1787071722,agwbench-agw-12,568.13%,23.09MiB / 1.106TiB
1787071722,agwbench-agw-13,579.68%,23.91MiB / 1.106TiB
1787071722,agwbench-agw-14,548.45%,24.39MiB / 1.106TiB
1787071722,agwbench-agw-15,568.08%,23.93MiB / 1.106TiB
1787071722,agwbench-agw-16,528.34%,22.47MiB / 1.106TiB
1787071722,agwbench-agw-17,608.68%,23.27MiB / 1.106TiB
1787071722,agwbench-agw-18,562.63%,24.55MiB / 1.106TiB
1787071722,agwbench-agw-19,567.81%,23.04MiB / 1.106TiB
1787071725,agwbench-mock,1010.84%,11.31MiB / 1.106TiB
1787071725,agwbench-mock2,996.98%,11.76MiB / 1.106TiB
1787071725,agwbench-agw-0,567.53%,24.56MiB / 1.106TiB
1787071725,agwbench-agw-1,608.68%,23.05MiB / 1.106TiB
1787071725,agwbench-agw-2,564.13%,22.46MiB / 1.106TiB
1787071725,agwbench-agw-3,578.40%,24.42MiB / 1.106TiB
1787071725,agwbench-agw-4,550.72%,22.86MiB / 1.106TiB
1787071725,agwbench-agw-5,539.33%,23.19MiB / 1.106TiB
1787071725,agwbench-agw-6,536.89%,23.62MiB / 1.106TiB
1787071725,agwbench-agw-7,544.44%,23.81MiB / 1.106TiB
1787071725,agwbench-agw-8,543.32%,23.35MiB / 1.106TiB
1787071725,agwbench-agw-9,494.74%,23.15MiB / 1.106TiB
1787071725,agwbench-agw-10,561.15%,22.91MiB / 1.106TiB
1787071725,agwbench-agw-11,548.94%,22.26MiB / 1.106TiB
1787071725,agwbench-agw-12,575.66%,23.19MiB / 1.106TiB
1787071725,agwbench-agw-13,587.31%,24.09MiB / 1.106TiB
1787071725,agwbench-agw-14,547.85%,22.66MiB / 1.106TiB
1787071725,agwbench-agw-15,585.01%,22.79MiB / 1.106TiB
1787071725,agwbench-agw-16,511.54%,22.28MiB / 1.106TiB
1787071725,agwbench-agw-17,599.04%,23.43MiB / 1.106TiB
1787071725,agwbench-agw-18,561.78%,24.32MiB / 1.106TiB
1787071725,agwbench-agw-19,570.85%,22.95MiB / 1.106TiB
1787071728,agwbench-mock,1045.78%,11.46MiB / 1.106TiB
1787071728,agwbench-mock2,997.98%,11.93MiB / 1.106TiB
1787071728,agwbench-agw-0,577.77%,24.55MiB / 1.106TiB
1787071728,agwbench-agw-1,613.24%,23.57MiB / 1.106TiB
1787071728,agwbench-agw-2,568.09%,22.38MiB / 1.106TiB
1787071728,agwbench-agw-3,589.38%,23.73MiB / 1.106TiB
1787071728,agwbench-agw-4,556.46%,22.21MiB / 1.106TiB
1787071728,agwbench-agw-5,554.06%,23MiB / 1.106TiB
1787071728,agwbench-agw-6,540.24%,23.44MiB / 1.106TiB
1787071728,agwbench-agw-7,552.62%,24.39MiB / 1.106TiB
1787071728,agwbench-agw-8,554.71%,23.5MiB / 1.106TiB
1787071728,agwbench-agw-9,507.54%,23.02MiB / 1.106TiB
1787071728,agwbench-agw-10,565.50%,22.44MiB / 1.106TiB
1787071728,agwbench-agw-11,552.70%,22.19MiB / 1.106TiB
1787071728,agwbench-agw-12,580.75%,23.33MiB / 1.106TiB
1787071728,agwbench-agw-13,581.83%,24MiB / 1.106TiB
1787071728,agwbench-agw-14,549.60%,23.1MiB / 1.106TiB
1787071728,agwbench-agw-15,584.01%,23.07MiB / 1.106TiB
1787071728,agwbench-agw-16,510.79%,21.92MiB / 1.106TiB
1787071728,agwbench-agw-17,593.96%,22.27MiB / 1.106TiB
1787071728,agwbench-agw-18,563.68%,23.85MiB / 1.106TiB
1787071728,agwbench-agw-19,572.67%,23.16MiB / 1.106TiB
1787071732,agwbench-mock,1015.23%,11.39MiB / 1.106TiB
1787071732,agwbench-mock2,996.47%,11.9MiB / 1.106TiB
1787071732,agwbench-agw-0,572.33%,24.78MiB / 1.106TiB
1787071732,agwbench-agw-1,614.66%,23.74MiB / 1.106TiB
1787071732,agwbench-agw-2,566.19%,22.82MiB / 1.106TiB
1787071732,agwbench-agw-3,583.48%,24.51MiB / 1.106TiB
1787071732,agwbench-agw-4,553.32%,22.55MiB / 1.106TiB
1787071732,agwbench-agw-5,557.43%,23.46MiB / 1.106TiB
1787071732,agwbench-agw-6,544.44%,23.08MiB / 1.106TiB
1787071732,agwbench-agw-7,555.20%,24.16MiB / 1.106TiB
1787071732,agwbench-agw-8,547.49%,23.63MiB / 1.106TiB
1787071732,agwbench-agw-9,507.45%,23.26MiB / 1.106TiB
1787071732,agwbench-agw-10,558.90%,22.74MiB / 1.106TiB
1787071732,agwbench-agw-11,551.52%,22.78MiB / 1.106TiB
1787071732,agwbench-agw-12,578.04%,23.89MiB / 1.106TiB
1787071732,agwbench-agw-13,589.12%,23.89MiB / 1.106TiB
1787071732,agwbench-agw-14,553.75%,23.42MiB / 1.106TiB
1787071732,agwbench-agw-15,592.58%,23.12MiB / 1.106TiB
1787071732,agwbench-agw-16,516.46%,22.02MiB / 1.106TiB
1787071732,agwbench-agw-17,587.61%,22.39MiB / 1.106TiB
1787071732,agwbench-agw-18,572.06%,24.07MiB / 1.106TiB
1787071732,agwbench-agw-19,572.39%,23.91MiB / 1.106TiB
